Hours_Studied,Attendance,Assignments,Sleep_Hours,Previous_Score,Final_Score
2,65,55,6,50,54
3,70,60,7,55,59
4,75,65,6,60,64
5,80,70,7,65,70
6,85,75,8,70,76
7,90,80,7,75,82
8,92,85,8,80,88
9,95,90,7,85,94
1,60,50,5,45,49
2,68,58,6,52,55
3,72,62,7,57,61
4,78,68,6,63,66
5,82,73,8,68,72
6,87,78,7,73,78
7,91,83,8,78,84
8,94,88,7,83,90
9,97,93,8,88,96
1,62,52,6,48,51
2,67,57,7,53,56
3,74,64,6,58,62
4,76,69,7,62,67
5,81,72,8,67,71
6,86,77,7,72,77
7,89,82,6,77,81
8,93,87,8,82,87
9,96,92,7,87,95
2,63,54,5,49,53
3,69,61,6,54,58
4,73,67,7,59,63
5,79,71,6,64,69
6,84,76,8,69,75
7,88,81,7,74,80
8,91,86,6,79,86
9,95,91,8,84,93
1,58,48,5,44,48
2,66,56,6,51,54
3,71,63,7,56,60
4,77,66,6,61,65
5,83,74,8,66,73
6,85,79,7,71,76
7,90,84,8,76,83
8,92,89,7,81,89
9,98,94,8,86,97